Accession_ID,Season,Block,Rep,DSR
1,1,1,1,5
1,1,2,1,10
1,1,3,1,6
1,1,1,2,9
1,1,2,2,10
1,1,3,2,8
1,2,1,3,2
1,2,2,3,3
1,2,3,3,1
1,2,1,4,3
1,2,2,4,3
1,2,3,4,3
1,2,1,5,5
1,2,2,5,6
1,2,3,5,6
2,1,1,1,7
2,1,2,1,7
2,1,3,1,7
2,1,1,2,9
2,1,2,2,10
2,1,3,2,10
2,2,1,3,1
2,2,2,3,2
2,2,3,3,2
2,2,1,4,4
2,2,2,4,5
2,2,3,4,4
2,2,1,5,6
2,2,2,5,7
2,2,3,5,7
3,1,1,1,7
3,1,2,1,7
3,1,3,1,8
3,1,1,2,10
3,1,2,2,10
3,1,3,2,10
3,2,1,3,2
3,2,2,3,2
3,2,3,3,2
3,2,1,4,5
3,2,2,4,5
3,2,3,4,4
3,2,1,5,7
3,2,2,5,7
3,2,3,5,6
4,1,1,1,5
4,1,2,1,5
4,1,3,1,4
4,1,1,2,8
4,1,2,2,8
4,1,3,2,10
4,2,1,3,2
4,2,2,3,3
4,2,3,3,4
4,2,1,4,5
4,2,2,4,5
4,2,3,4,4
4,2,1,5,7
4,2,2,5,7
4,2,3,5,7
5,1,1,1,6
5,1,2,1,6
5,1,3,1,7
5,1,1,2,8
5,1,2,2,8
5,1,3,2,8
5,2,1,3,2
5,2,2,3,2
5,2,3,3,2
5,2,1,4,5
5,2,2,4,5
5,2,3,4,5
5,2,1,5,7
5,2,2,5,6
5,2,3,5,6
6,1,1,1,5
6,1,2,1,7
6,1,3,1,8
6,1,1,2,9
6,1,2,2,9
6,1,3,2,8
6,2,1,3,NA
6,2,2,3,3
6,2,3,3,2
6,2,1,4,NA
6,2,2,4,4
6,2,3,4,5
6,2,1,5,6
6,2,2,5,8
6,2,3,5,5
7,1,1,1,6
7,1,2,1,8
7,1,3,1,10
7,1,1,2,9
7,1,2,2,10
7,1,3,2,10
7,2,1,3,3
7,2,2,3,2
7,2,3,3,1
7,2,1,4,5
7,2,2,4,4
7,2,3,4,5
7,2,1,5,NA
7,2,2,5,8
7,2,3,5,8
8,1,1,1,7
8,1,2,1,7
8,1,3,1,7
8,1,1,2,10
8,1,2,2,10
8,1,3,2,8
8,2,1,3,2
8,2,2,3,1
8,2,3,3,1
8,2,1,4,4
8,2,2,4,3
8,2,3,4,4
8,2,1,5,6
8,2,2,5,6
8,2,3,5,9
9,1,1,1,10
9,1,2,1,10
9,1,3,1,1
9,1,1,2,10
9,1,2,2,10
9,1,3,2,10
9,2,1,3,7
9,2,2,3,3
9,2,3,3,2
9,2,1,4,10
9,2,2,4,8
9,2,3,4,9
9,2,1,5,10
9,2,2,5,10
9,2,3,5,10
10,1,1,1,8
10,1,2,1,10
10,1,3,1,2
10,1,1,2,10
10,1,2,2,10
10,1,3,2,8
10,2,1,3,6
10,2,2,3,3
10,2,3,3,5
10,2,1,4,9
10,2,2,4,10
10,2,3,4,7
10,2,1,5,10
10,2,2,5,10
10,2,3,5,10
11,1,1,1,6
11,1,2,1,5
11,1,3,1,3
11,1,1,2,5
11,1,2,2,3
11,1,3,2,6
11,2,1,3,2
11,2,2,3,1
11,2,3,3,2
11,2,1,4,4
11,2,2,4,3
11,2,3,4,4
11,2,1,5,6
11,2,2,5,5
11,2,3,5,7
12,1,1,1,5
12,1,2,1,4
12,1,3,1,3
12,1,1,2,7
12,1,2,2,3
12,1,3,2,3
12,2,1,3,1
12,2,2,3,1
12,2,3,3,1
12,2,1,4,4
12,2,2,4,2
12,2,3,4,1
12,2,1,5,5
12,2,2,5,6
12,2,3,5,3
13,1,1,1,9
13,1,2,1,10
13,1,3,1,6
13,1,1,2,10
13,1,2,2,10
13,1,3,2,10
13,2,1,3,2
13,2,2,3,1
13,2,3,3,3
13,2,1,4,5
13,2,2,4,5
13,2,3,4,4
13,2,1,5,9
13,2,2,5,10
13,2,3,5,2
14,1,1,1,4
14,1,2,1,2
14,1,3,1,1
14,1,1,2,8
14,1,2,2,1
14,1,3,2,4
14,2,1,3,1
14,2,2,3,1
14,2,3,3,1
14,2,1,4,1
14,2,2,4,2
14,2,3,4,2
14,2,1,5,2
14,2,2,5,2
14,2,3,5,5
15,1,1,1,6
15,1,2,1,5
15,1,3,1,4
15,1,1,2,4
15,1,2,2,2
15,1,3,2,5
15,2,1,3,1
15,2,2,3,1
15,2,3,3,1
15,2,1,4,1
15,2,2,4,1
15,2,3,4,1
15,2,1,5,4
15,2,2,5,1
15,2,3,5,1
16,1,1,1,NA
16,1,2,1,5
16,1,3,1,6
16,1,1,2,NA
16,1,2,2,3
16,1,3,2,7
16,2,1,3,5
16,2,2,3,2
16,2,3,3,1
16,2,1,4,7
16,2,2,4,2
16,2,3,4,2
16,2,1,5,3
16,2,2,5,2
16,2,3,5,2
17,1,1,1,7
17,1,2,1,9
17,1,3,1,6
17,1,1,2,10
17,1,2,2,10
17,1,3,2,8
17,2,1,3,4
17,2,2,3,2
17,2,3,3,3
17,2,1,4,7
17,2,2,4,8
17,2,3,4,5
17,2,1,5,9
17,2,2,5,8
17,2,3,5,8
18,1,1,1,8
18,1,2,1,9
18,1,3,1,9
18,1,1,2,9
18,1,2,2,10
18,1,3,2,10
18,2,1,3,2
18,2,2,3,4
18,2,3,3,3
18,2,1,4,4
18,2,2,4,7
18,2,3,4,7
18,2,1,5,10
18,2,2,5,9
18,2,3,5,10
19,1,1,1,7
19,1,2,1,2
19,1,3,1,6
19,1,1,2,7
19,1,2,2,1
19,1,3,2,6
19,2,1,3,1
19,2,2,3,2
19,2,3,3,2
19,2,1,4,3
19,2,2,4,5
19,2,3,4,4
19,2,1,5,4
19,2,2,5,6
19,2,3,5,4
20,1,1,1,10
20,1,2,1,9
20,1,3,1,5
20,1,1,2,10
20,1,2,2,10
20,1,3,2,10
20,2,1,3,2
20,2,2,3,2
20,2,3,3,3
20,2,1,4,5
20,2,2,4,5
20,2,3,4,7
20,2,1,5,8
20,2,2,5,9
20,2,3,5,9
21,1,1,1,10
21,1,2,1,7
21,1,3,1,9
21,1,1,2,10
21,1,2,2,10
21,1,3,2,10
21,2,1,3,2
21,2,2,3,3
21,2,3,3,4
21,2,1,4,5
21,2,2,4,3
21,2,3,4,4
21,2,1,5,7
21,2,2,5,6
21,2,3,5,6
22,1,1,1,6
22,1,2,1,8
22,1,3,1,5
22,1,1,2,10
22,1,2,2,NA
22,1,3,2,7
22,2,1,3,2
22,2,2,3,2
22,2,3,3,2
22,2,1,4,6
22,2,2,4,5
22,2,3,4,4
22,2,1,5,10
22,2,2,5,7
22,2,3,5,8
23,1,1,1,9
23,1,2,1,9
23,1,3,1,6
23,1,1,2,9
23,1,2,2,10
23,1,3,2,10
23,2,1,3,3
23,2,2,3,2
23,2,3,3,2
23,2,1,4,4
23,2,2,4,5
23,2,3,4,5
23,2,1,5,5
23,2,2,5,6
23,2,3,5,7
24,1,1,1,4
24,1,2,1,8
24,1,3,1,3
24,1,1,2,9
24,1,2,2,9
24,1,3,2,6
24,2,1,3,2
24,2,2,3,4
24,2,3,3,2
24,2,1,4,4
24,2,2,4,6
24,2,3,4,5
24,2,1,5,7
24,2,2,5,10
24,2,3,5,7
25,1,1,1,8
25,1,2,1,6
25,1,3,1,7
25,1,1,2,10
25,1,2,2,10
25,1,3,2,10
25,2,1,3,3
25,2,2,3,3
25,2,3,3,4
25,2,1,4,5
25,2,2,4,6
25,2,3,4,4
25,2,1,5,6
25,2,2,5,8
25,2,3,5,6
26,1,1,1,5
26,1,2,1,10
26,1,3,1,8
26,1,1,2,8
26,1,2,2,10
26,1,3,2,10
26,2,1,3,6
26,2,2,3,3
26,2,3,3,3
26,2,1,4,7
26,2,2,4,6
26,2,3,4,5
26,2,1,5,10
26,2,2,5,6
26,2,3,5,6
27,1,1,1,8
27,1,2,1,8
27,1,3,1,9
27,1,1,2,10
27,1,2,2,10
27,1,3,2,10
27,2,1,3,4
27,2,2,3,2
27,2,3,3,4
27,2,1,4,7
27,2,2,4,NA
27,2,3,4,5
27,2,1,5,7
27,2,2,5,7
27,2,3,5,7
28,1,1,1,9
28,1,2,1,7
28,1,3,1,5
28,1,1,2,10
28,1,2,2,8
28,1,3,2,9
28,2,1,3,3
28,2,2,3,3
28,2,3,3,4
28,2,1,4,6
28,2,2,4,6
28,2,3,4,4
28,2,1,5,9
28,2,2,5,9
28,2,3,5,8
29,1,1,1,5
29,1,2,1,10
29,1,3,1,9
29,1,1,2,6
29,1,2,2,10
29,1,3,2,10
29,2,1,3,5
29,2,2,3,3
29,2,3,3,NA
29,2,1,4,6
29,2,2,4,6
29,2,3,4,NA
29,2,1,5,10
29,2,2,5,8
29,2,3,5,NA
30,1,1,1,9
30,1,2,1,9
30,1,3,1,8
30,1,1,2,8
30,1,2,2,10
30,1,3,2,8
30,2,1,3,3
30,2,2,3,2
30,2,3,3,3
30,2,1,4,5
30,2,2,4,5
30,2,3,4,5
30,2,1,5,6
30,2,2,5,7
30,2,3,5,7
31,1,1,1,7
31,1,2,1,7
31,1,3,1,8
31,1,1,2,10
31,1,2,2,10
31,1,3,2,10
31,2,1,3,3
31,2,2,3,4
31,2,3,3,3
31,2,1,4,6
31,2,2,4,6
31,2,3,4,5
31,2,1,5,9
31,2,2,5,7
31,2,3,5,8
32,1,1,1,8
32,1,2,1,6
32,1,3,1,6
32,1,1,2,10
32,1,2,2,10
32,1,3,2,10
32,2,1,3,3
32,2,2,3,3
32,2,3,3,3
32,2,1,4,6
32,2,2,4,6
32,2,3,4,6
32,2,1,5,9
32,2,2,5,9
32,2,3,5,9
33,1,1,1,9
33,1,2,1,5
33,1,3,1,9
33,1,1,2,10
33,1,2,2,10
33,1,3,2,10
33,2,1,3,2
33,2,2,3,3
33,2,3,3,2
33,2,1,4,5
33,2,2,4,8
33,2,3,4,7
33,2,1,5,8
33,2,2,5,9
33,2,3,5,9
34,1,1,1,10
34,1,2,1,9
34,1,3,1,9
34,1,1,2,10
34,1,2,2,10
34,1,3,2,10
34,2,1,3,4
34,2,2,3,3
34,2,3,3,3
34,2,1,4,9
34,2,2,4,6
34,2,3,4,6
34,2,1,5,10
34,2,2,5,7
34,2,3,5,9
35,1,1,1,8
35,1,2,1,10
35,1,3,1,5
35,1,1,2,10
35,1,2,2,10
35,1,3,2,9
35,2,1,3,3
35,2,2,3,3
35,2,3,3,2
35,2,1,4,6
35,2,2,4,6
35,2,3,4,4
35,2,1,5,8
35,2,2,5,7
35,2,3,5,6
36,1,1,1,9
36,1,2,1,10
36,1,3,1,8
36,1,1,2,10
36,1,2,2,10
36,1,3,2,10
36,2,1,3,3
36,2,2,3,2
36,2,3,3,1
36,2,1,4,6
36,2,2,4,4
36,2,3,4,2
36,2,1,5,8
36,2,2,5,8
36,2,3,5,4
37,1,1,1,5
37,1,2,1,9
37,1,3,1,5
37,1,1,2,9
37,1,2,2,10
37,1,3,2,8
37,2,1,3,4
37,2,2,3,3
37,2,3,3,3
37,2,1,4,5
37,2,2,4,6
37,2,3,4,6
37,2,1,5,8
37,2,2,5,9
37,2,3,5,9
38,1,1,1,10
38,1,2,1,8
38,1,3,1,7
38,1,1,2,10
38,1,2,2,10
38,1,3,2,10
38,2,1,3,3
38,2,2,3,3
38,2,3,3,2
38,2,1,4,5
38,2,2,4,6
38,2,3,4,5
38,2,1,5,7
38,2,2,5,7
38,2,3,5,6
39,1,1,1,10
39,1,2,1,10
39,1,3,1,8
39,1,1,2,10
39,1,2,2,10
39,1,3,2,10
39,2,1,3,2
39,2,2,3,4
39,2,3,3,3
39,2,1,4,4
39,2,2,4,6
39,2,3,4,6
39,2,1,5,7
39,2,2,5,7
39,2,3,5,10
40,1,1,1,5
40,1,2,1,10
40,1,3,1,5
40,1,1,2,10
40,1,2,2,10
40,1,3,2,10
40,2,1,3,2
40,2,2,3,2
40,2,3,3,4
40,2,1,4,6
40,2,2,4,5
40,2,3,4,4
40,2,1,5,10
40,2,2,5,6
40,2,3,5,8
41,1,1,1,9
41,1,2,1,7
41,1,3,1,10
41,1,1,2,10
41,1,2,2,8
41,1,3,2,10
41,2,1,3,2
41,2,2,3,3
41,2,3,3,4
41,2,1,4,5
41,2,2,4,4
41,2,3,4,5
41,2,1,5,9
41,2,2,5,6
41,2,3,5,6
42,1,1,1,3
42,1,2,1,9
42,1,3,1,7
42,1,1,2,10
42,1,2,2,10
42,1,3,2,10
42,2,1,3,3
42,2,2,3,3
42,2,3,3,2
42,2,1,4,5
42,2,2,4,6
42,2,3,4,5
42,2,1,5,6
42,2,2,5,9
42,2,3,5,8
43,1,1,1,5
43,1,2,1,7
43,1,3,1,5
43,1,1,2,10
43,1,2,2,10
43,1,3,2,6
43,2,1,3,2
43,2,2,3,3
43,2,3,3,4
43,2,1,4,3
43,2,2,4,5
43,2,3,4,5
43,2,1,5,9
43,2,2,5,8
43,2,3,5,10
44,1,1,1,7
44,1,2,1,10
44,1,3,1,5
44,1,1,2,10
44,1,2,2,10
44,1,3,2,6
44,2,1,3,3
44,2,2,3,3
44,2,3,3,3
44,2,1,4,5
44,2,2,4,5
44,2,3,4,6
44,2,1,5,7
44,2,2,5,7
44,2,3,5,10
45,1,1,1,10
45,1,2,1,7
45,1,3,1,7
45,1,1,2,10
45,1,2,2,9
45,1,3,2,NA
45,2,1,3,3
45,2,2,3,2
45,2,3,3,3
45,2,1,4,7
45,2,2,4,4
45,2,3,4,5
45,2,1,5,7
45,2,2,5,7
45,2,3,5,10
46,1,1,1,9
46,1,2,1,10
46,1,3,1,9
46,1,1,2,10
46,1,2,2,10
46,1,3,2,10
46,2,1,3,3
46,2,2,3,3
46,2,3,3,5
46,2,1,4,4
46,2,2,4,6
46,2,3,4,9
46,2,1,5,7
46,2,2,5,10
46,2,3,5,10
47,1,1,1,7
47,1,2,1,10
47,1,3,1,6
47,1,1,2,10
47,1,2,2,10
47,1,3,2,8
47,2,1,3,2
47,2,2,3,4
47,2,3,3,4
47,2,1,4,6
47,2,2,4,4
47,2,3,4,5
47,2,1,5,7
47,2,2,5,7
47,2,3,5,8
48,1,1,1,7
48,1,2,1,7
48,1,3,1,5
48,1,1,2,10
48,1,2,2,10
48,1,3,2,10
48,2,1,3,4
48,2,2,3,3
48,2,3,3,3
48,2,1,4,6
48,2,2,4,5
48,2,3,4,5
48,2,1,5,8
48,2,2,5,8
48,2,3,5,8
49,1,1,1,6
49,1,2,1,8
49,1,3,1,7
49,1,1,2,9
49,1,2,2,10
49,1,3,2,9
49,2,1,3,4
49,2,2,3,2
49,2,3,3,5
49,2,1,4,5
49,2,2,4,4
49,2,3,4,5
49,2,1,5,8
49,2,2,5,6
49,2,3,5,9
50,1,1,1,8
50,1,2,1,8
50,1,3,1,6
50,1,1,2,10
50,1,2,2,10
50,1,3,2,9
50,2,1,3,2
50,2,2,3,3
50,2,3,3,4
50,2,1,4,3
50,2,2,4,6
50,2,3,4,5
50,2,1,5,6
50,2,2,5,10
50,2,3,5,10
51,1,1,1,7
51,1,2,1,9
51,1,3,1,6
51,1,1,2,10
51,1,2,2,10
51,1,3,2,9
51,2,1,3,3
51,2,2,3,3
51,2,3,3,2
51,2,1,4,5
51,2,2,4,5
51,2,3,4,4
51,2,1,5,6
51,2,2,5,6
51,2,3,5,8
52,1,1,1,7
52,1,2,1,4
52,1,3,1,7
52,1,1,2,10
52,1,2,2,8
52,1,3,2,8
52,2,1,3,3
52,2,2,3,2
52,2,3,3,2
52,2,1,4,5
52,2,2,4,6
52,2,3,4,2
52,2,1,5,7
52,2,2,5,6
52,2,3,5,3
53,1,1,1,8
53,1,2,1,7
53,1,3,1,5
53,1,1,2,9
53,1,2,2,9
53,1,3,2,10
53,2,1,3,2
53,2,2,3,3
53,2,3,3,3
53,2,1,4,4
53,2,2,4,6
53,2,3,4,5
53,2,1,5,6
53,2,2,5,6
53,2,3,5,10
54,1,1,1,8
54,1,2,1,10
54,1,3,1,5
54,1,1,2,8
54,1,2,2,10
54,1,3,2,8
54,2,1,3,3
54,2,2,3,3
54,2,3,3,3
54,2,1,4,6
54,2,2,4,5
54,2,3,4,4
54,2,1,5,9
54,2,2,5,9
54,2,3,5,5
55,1,1,1,5
55,1,2,1,5
55,1,3,1,5
55,1,1,2,5
55,1,2,2,7
55,1,3,2,5
55,2,1,3,2
55,2,2,3,2
55,2,3,3,2
55,2,1,4,4
55,2,2,4,3
55,2,3,4,3
55,2,1,5,5
55,2,2,5,4
55,2,3,5,2
56,1,1,1,5
56,1,2,1,5
56,1,3,1,4
56,1,1,2,7
56,1,2,2,5
56,1,3,2,6
56,2,1,3,1
56,2,2,3,1
56,2,3,3,2
56,2,1,4,4
56,2,2,4,4
56,2,3,4,3
56,2,1,5,6
56,2,2,5,4
56,2,3,5,5
57,1,1,1,6
57,1,2,1,3
57,1,3,1,2
57,1,1,2,3
57,1,2,2,4
57,1,3,2,5
57,2,1,3,1
57,2,2,3,2
57,2,3,3,3
57,2,1,4,4
57,2,2,4,2
57,2,3,4,4
57,2,1,5,5
57,2,2,5,3
57,2,3,5,6
58,1,1,1,2
58,1,2,1,3
58,1,3,1,3
58,1,1,2,3
58,1,2,2,2
58,1,3,2,4
58,2,1,3,1
58,2,2,3,4
58,2,3,3,2
58,2,1,4,4
58,2,2,4,4
58,2,3,4,4
58,2,1,5,5
58,2,2,5,6
58,2,3,5,4
59,1,1,1,NA
59,1,2,1,NA
59,1,3,1,NA
59,1,1,2,NA
59,1,2,2,NA
59,1,3,2,NA
59,2,1,3,NA
59,2,2,3,3
59,2,3,3,4
59,2,1,4,NA
59,2,2,4,5
59,2,3,4,7
59,2,1,5,NA
59,2,2,5,7
59,2,3,5,7
60,1,1,1,6
60,1,2,1,4
60,1,3,1,5
60,1,1,2,5
60,1,2,2,4
60,1,3,2,7
60,2,1,3,2
60,2,2,3,2
60,2,3,3,2
60,2,1,4,4
60,2,2,4,4
60,2,3,4,2
60,2,1,5,7
60,2,2,5,5
60,2,3,5,4
61,1,1,1,5
61,1,2,1,5
61,1,3,1,5
61,1,1,2,9
61,1,2,2,6
61,1,3,2,5
61,2,1,3,2
61,2,2,3,1
61,2,3,3,NA
61,2,1,4,4
61,2,2,4,4
61,2,3,4,NA
61,2,1,5,5
61,2,2,5,4
61,2,3,5,NA
62,1,1,1,5
62,1,2,1,4
62,1,3,1,2
62,1,1,2,5
62,1,2,2,6
62,1,3,2,3
62,2,1,3,2
62,2,2,3,1
62,2,3,3,2
62,2,1,4,3
62,2,2,4,4
62,2,3,4,3
62,2,1,5,3
62,2,2,5,4
62,2,3,5,4
63,1,1,1,7
63,1,2,1,2
63,1,3,1,5
63,1,1,2,4
63,1,2,2,3
63,1,3,2,4
63,2,1,3,2
63,2,2,3,2
63,2,3,3,2
63,2,1,4,3
63,2,2,4,4
63,2,3,4,3
63,2,1,5,4
63,2,2,5,4
63,2,3,5,3
64,1,1,1,7
64,1,2,1,7
64,1,3,1,2
64,1,1,2,7
64,1,2,2,7
64,1,3,2,4
64,2,1,3,3
64,2,2,3,2
64,2,3,3,3
64,2,1,4,5
64,2,2,4,4
64,2,3,4,4
64,2,1,5,5
64,2,2,5,6
64,2,3,5,5
65,1,1,1,6
65,1,2,1,5
65,1,3,1,6
65,1,1,2,4
65,1,2,2,7
65,1,3,2,6
65,2,1,3,2
65,2,2,3,3
65,2,3,3,2
65,2,1,4,4
65,2,2,4,3
65,2,3,4,4
65,2,1,5,5
65,2,2,5,7
65,2,3,5,4
66,1,1,1,2
66,1,2,1,10
66,1,3,1,4
66,1,1,2,5
66,1,2,2,10
66,1,3,2,6
66,2,1,3,2
66,2,2,3,3
66,2,3,3,1
66,2,1,4,4
66,2,2,4,5
66,2,3,4,3
66,2,1,5,4
66,2,2,5,6
66,2,3,5,4
67,1,1,1,5
67,1,2,1,6
67,1,3,1,7
67,1,1,2,4
67,1,2,2,5
67,1,3,2,7
67,2,1,3,1
67,2,2,3,3
67,2,3,3,3
67,2,1,4,5
67,2,2,4,5
67,2,3,4,4
67,2,1,5,6
67,2,2,5,6
67,2,3,5,7
68,1,1,1,7
68,1,2,1,3
68,1,3,1,5
68,1,1,2,7
68,1,2,2,6
68,1,3,2,8
68,2,1,3,2
68,2,2,3,2
68,2,3,3,1
68,2,1,4,5
68,2,2,4,4
68,2,3,4,4
68,2,1,5,6
68,2,2,5,5
68,2,3,5,4
69,1,1,1,5
69,1,2,1,7
69,1,3,1,NA
69,1,1,2,3
69,1,2,2,4
69,1,3,2,10
69,2,1,3,3
69,2,2,3,1
69,2,3,3,2
69,2,1,4,5
69,2,2,4,3
69,2,3,4,4
69,2,1,5,7
69,2,2,5,4
69,2,3,5,5
70,1,1,1,5
70,1,2,1,8
70,1,3,1,5
70,1,1,2,4
70,1,2,2,7
70,1,3,2,7
70,2,1,3,2
70,2,2,3,2
70,2,3,3,3
70,2,1,4,4
70,2,2,4,5
70,2,3,4,5
70,2,1,5,6
70,2,2,5,6
70,2,3,5,5
71,1,1,1,5
71,1,2,1,3
71,1,3,1,3
71,1,1,2,7
71,1,2,2,5
71,1,3,2,5
71,2,1,3,4
71,2,2,3,4
71,2,3,3,1
71,2,1,4,5
71,2,2,4,5
71,2,3,4,3
71,2,1,5,6
71,2,2,5,7
71,2,3,5,4
72,1,1,1,4
72,1,2,1,6
72,1,3,1,6
72,1,1,2,6
72,1,2,2,6
72,1,3,2,5
72,2,1,3,2
72,2,2,3,1
72,2,3,3,2
72,2,1,4,4
72,2,2,4,3
72,2,3,4,3
72,2,1,5,4
72,2,2,5,3
72,2,3,5,4
73,1,1,1,4
73,1,2,1,5
73,1,3,1,4
73,1,1,2,8
73,1,2,2,5
73,1,3,2,5
73,2,1,3,1
73,2,2,3,2
73,2,3,3,1
73,2,1,4,3
73,2,2,4,4
73,2,3,4,3
73,2,1,5,4
73,2,2,5,5
73,2,3,5,4
74,1,1,1,6
74,1,2,1,5
74,1,3,1,3
74,1,1,2,4
74,1,2,2,6
74,1,3,2,4
74,2,1,3,1
74,2,2,3,1
74,2,3,3,3
74,2,1,4,4
74,2,2,4,3
74,2,3,4,5
74,2,1,5,5
74,2,2,5,4
74,2,3,5,6
75,1,1,1,6
75,1,2,1,1
75,1,3,1,6
75,1,1,2,6
75,1,2,2,6
75,1,3,2,7
75,2,1,3,2
75,2,2,3,2
75,2,3,3,2
75,2,1,4,4
75,2,2,4,5
75,2,3,4,4
75,2,1,5,6
75,2,2,5,6
75,2,3,5,5
76,1,1,1,5
76,1,2,1,7
76,1,3,1,3
76,1,1,2,8
76,1,2,2,6
76,1,3,2,6
76,2,1,3,2
76,2,2,3,1
76,2,3,3,1
76,2,1,4,3
76,2,2,4,3
76,2,3,4,3
76,2,1,5,5
76,2,2,5,4
76,2,3,5,3
77,1,1,1,6
77,1,2,1,7
77,1,3,1,5
77,1,1,2,7
77,1,2,2,6
77,1,3,2,7
77,2,1,3,2
77,2,2,3,1
77,2,3,3,1
77,2,1,4,4
77,2,2,4,4
77,2,3,4,4
77,2,1,5,7
77,2,2,5,5
77,2,3,5,6
78,1,1,1,6
78,1,2,1,NA
78,1,3,1,5
78,1,1,2,7
78,1,2,2,NA
78,1,3,2,6
78,2,1,3,3
78,2,2,3,2
78,2,3,3,2
78,2,1,4,5
78,2,2,4,3
78,2,3,4,5
78,2,1,5,6
78,2,2,5,5
78,2,3,5,5
79,1,1,1,10
79,1,2,1,4
79,1,3,1,5
79,1,1,2,10
79,1,2,2,2
79,1,3,2,4
79,2,1,3,2
79,2,2,3,2
79,2,3,3,2
79,2,1,4,3
79,2,2,4,4
79,2,3,4,3
79,2,1,5,5
79,2,2,5,4
79,2,3,5,4
80,1,1,1,6
80,1,2,1,6
80,1,3,1,4
80,1,1,2,7
80,1,2,2,7
80,1,3,2,7
80,2,1,3,2
80,2,2,3,2
80,2,3,3,2
80,2,1,4,5
80,2,2,4,4
80,2,3,4,4
80,2,1,5,7
80,2,2,5,4
80,2,3,5,5
81,1,1,1,5
81,1,2,1,4
81,1,3,1,6
81,1,1,2,7
81,1,2,2,5
81,1,3,2,10
81,2,1,3,3
81,2,2,3,2
81,2,3,3,2
81,2,1,4,5
81,2,2,4,4
81,2,3,4,3
81,2,1,5,8
81,2,2,5,5
81,2,3,5,4
82,1,1,1,NA
82,1,2,1,2
82,1,3,1,NA
82,1,1,2,NA
82,1,2,2,8
82,1,3,2,5
82,2,1,3,NA
82,2,2,3,NA
82,2,3,3,NA
82,2,1,4,NA
82,2,2,4,NA
82,2,3,4,NA
82,2,1,5,NA
82,2,2,5,NA
82,2,3,5,NA
83,1,1,1,7
83,1,2,1,6
83,1,3,1,2
83,1,1,2,5
83,1,2,2,6
83,1,3,2,4
83,2,1,3,2
83,2,2,3,2
83,2,3,3,2
83,2,1,4,4
83,2,2,4,4
83,2,3,4,4
83,2,1,5,4
83,2,2,5,6
83,2,3,5,5
84,1,1,1,7
84,1,2,1,6
84,1,3,1,5
84,1,1,2,7
84,1,2,2,4
84,1,3,2,7
84,2,1,3,2
84,2,2,3,2
84,2,3,3,1
84,2,1,4,5
84,2,2,4,5
84,2,3,4,4
84,2,1,5,6
84,2,2,5,6
84,2,3,5,4
85,1,1,1,6
85,1,2,1,3
85,1,3,1,5
85,1,1,2,7
85,1,2,2,5
85,1,3,2,NA
85,2,1,3,4
85,2,2,3,2
85,2,3,3,3
85,2,1,4,6
85,2,2,4,4
85,2,3,4,5
85,2,1,5,7
85,2,2,5,5
85,2,3,5,6
86,1,1,1,5
86,1,2,1,5
86,1,3,1,4
86,1,1,2,4
86,1,2,2,3
86,1,3,2,5
86,2,1,3,2
86,2,2,3,2
86,2,3,3,1
86,2,1,4,4
86,2,2,4,2
86,2,3,4,4
86,2,1,5,6
86,2,2,5,3
86,2,3,5,5
87,1,1,1,7
87,1,2,1,6
87,1,3,1,5
87,1,1,2,8
87,1,2,2,7
87,1,3,2,6
87,2,1,3,2
87,2,2,3,3
87,2,3,3,1
87,2,1,4,4
87,2,2,4,6
87,2,3,4,2
87,2,1,5,5
87,2,2,5,10
87,2,3,5,4
88,1,1,1,6
88,1,2,1,2
88,1,3,1,2
88,1,1,2,4
88,1,2,2,3
88,1,3,2,2
88,2,1,3,3
88,2,2,3,1
88,2,3,3,2
88,2,1,4,4
88,2,2,4,3
88,2,3,4,4
88,2,1,5,6
88,2,2,5,5
88,2,3,5,5
89,1,1,1,9
89,1,2,1,9
89,1,3,1,NA
89,1,1,2,10
89,1,2,2,10
89,1,3,2,NA
89,2,1,3,NA
89,2,2,3,NA
89,2,3,3,NA
89,2,1,4,NA
89,2,2,4,NA
89,2,3,4,NA
89,2,1,5,NA
89,2,2,5,NA
89,2,3,5,NA
90,1,1,1,5
90,1,2,1,7
90,1,3,1,4
90,1,1,2,7
90,1,2,2,5
90,1,3,2,6
90,2,1,3,3
90,2,2,3,1
90,2,3,3,1
90,2,1,4,5
90,2,2,4,3
90,2,3,4,2
90,2,1,5,6
90,2,2,5,5
90,2,3,5,5
91,1,1,1,3
91,1,2,1,4
91,1,3,1,3
91,1,1,2,2
91,1,2,2,8
91,1,3,2,4
91,2,1,3,2
91,2,2,3,2
91,2,3,3,2
91,2,1,4,4
91,2,2,4,4
91,2,3,4,4
91,2,1,5,5
91,2,2,5,4
91,2,3,5,6
92,1,1,1,6
92,1,2,1,7
92,1,3,1,10
92,1,1,2,7
92,1,2,2,7
92,1,3,2,10
92,2,1,3,1
92,2,2,3,NA
92,2,3,3,NA
92,2,1,4,3
92,2,2,4,NA
92,2,3,4,NA
92,2,1,5,4
92,2,2,5,NA
92,2,3,5,NA
93,1,1,1,6
93,1,2,1,5
93,1,3,1,6
93,1,1,2,7
93,1,2,2,2
93,1,3,2,8
93,2,1,3,3
93,2,2,3,2
93,2,3,3,2
93,2,1,4,5
93,2,2,4,4
93,2,3,4,3
93,2,1,5,6
93,2,2,5,5
93,2,3,5,5
94,1,1,1,7
94,1,2,1,6
94,1,3,1,6
94,1,1,2,7
94,1,2,2,7
94,1,3,2,7
94,2,1,3,2
94,2,2,3,3
94,2,3,3,2
94,2,1,4,4
94,2,2,4,5
94,2,3,4,5
94,2,1,5,NA
94,2,2,5,6
94,2,3,5,5
95,1,1,1,6
95,1,2,1,7
95,1,3,1,5
95,1,1,2,7
95,1,2,2,8
95,1,3,2,8
95,2,1,3,2
95,2,2,3,3
95,2,3,3,2
95,2,1,4,5
95,2,2,4,4
95,2,3,4,4
95,2,1,5,7
95,2,2,5,5
95,2,3,5,5
96,1,1,1,8
96,1,2,1,5
96,1,3,1,5
96,1,1,2,7
96,1,2,2,7
96,1,3,2,7
96,2,1,3,3
96,2,2,3,4
96,2,3,3,6
96,2,1,4,4
96,2,2,4,4
96,2,3,4,6
96,2,1,5,5
96,2,2,5,5
96,2,3,5,6
97,1,1,1,5
97,1,2,1,7
97,1,3,1,5
97,1,1,2,6
97,1,2,2,9
97,1,3,2,6
97,2,1,3,2
97,2,2,3,NA
97,2,3,3,2
97,2,1,4,3
97,2,2,4,NA
97,2,3,4,6
97,2,1,5,5
97,2,2,5,NA
97,2,3,5,6
98,1,1,1,4
98,1,2,1,2
98,1,3,1,6
98,1,1,2,7
98,1,2,2,7
98,1,3,2,6
98,2,1,3,2
98,2,2,3,1
98,2,3,3,1
98,2,1,4,4
98,2,2,4,2
98,2,3,4,2
98,2,1,5,6
98,2,2,5,3
98,2,3,5,3
99,1,1,1,6
99,1,2,1,7
99,1,3,1,5
99,1,1,2,7
99,1,2,2,7
99,1,3,2,7
99,2,1,3,2
99,2,2,3,2
99,2,3,3,3
99,2,1,4,3
99,2,2,4,3
99,2,3,4,4
99,2,1,5,4
99,2,2,5,4
99,2,3,5,5
100,1,1,1,4
100,1,2,1,6
100,1,3,1,6
100,1,1,2,6
100,1,2,2,7
100,1,3,2,8
100,2,1,3,1
100,2,2,3,2
100,2,3,3,2
100,2,1,4,4
100,2,2,4,3
100,2,3,4,4
100,2,1,5,6
100,2,2,5,4
100,2,3,5,5
101,1,1,1,5
101,1,2,1,6
101,1,3,1,4
101,1,1,2,5
101,1,2,2,8
101,1,3,2,6
101,2,1,3,3
101,2,2,3,1
101,2,3,3,2
101,2,1,4,5
101,2,2,4,4
101,2,3,4,4
101,2,1,5,7
101,2,2,5,6
101,2,3,5,5
102,1,1,1,5
102,1,2,1,1
102,1,3,1,5
102,1,1,2,4
102,1,2,2,1
102,1,3,2,6
102,2,1,3,2
102,2,2,3,1
102,2,3,3,1
102,2,1,4,5
102,2,2,4,4
102,2,3,4,3
102,2,1,5,7
102,2,2,5,5
102,2,3,5,4
103,1,1,1,5
103,1,2,1,6
103,1,3,1,6
103,1,1,2,6
103,1,2,2,4
103,1,3,2,7
103,2,1,3,2
103,2,2,3,3
103,2,3,3,2
103,2,1,4,5
103,2,2,4,4
103,2,3,4,4
103,2,1,5,8
103,2,2,5,4
103,2,3,5,5
104,1,1,1,5
104,1,2,1,8
104,1,3,1,5
104,1,1,2,10
104,1,2,2,10
104,1,3,2,7
104,2,1,3,1
104,2,2,3,1
104,2,3,3,2
104,2,1,4,4
104,2,2,4,6
104,2,3,4,3
104,2,1,5,6
104,2,2,5,6
104,2,3,5,4
105,1,1,1,7
105,1,2,1,8
105,1,3,1,4
105,1,1,2,9
105,1,2,2,7
105,1,3,2,6
105,2,1,3,2
105,2,2,3,1
105,2,3,3,1
105,2,1,4,5
105,2,2,4,5
105,2,3,4,3
105,2,1,5,6
105,2,2,5,7
105,2,3,5,5
106,1,1,1,6
106,1,2,1,6
106,1,3,1,6
106,1,1,2,7
106,1,2,2,7
106,1,3,2,5
106,2,1,3,4
106,2,2,3,NA
106,2,3,3,NA
106,2,1,4,6
106,2,2,4,NA
106,2,3,4,NA
106,2,1,5,7
106,2,2,5,NA
106,2,3,5,NA
107,1,1,1,6
107,1,2,1,2
107,1,3,1,3
107,1,1,2,6
107,1,2,2,5
107,1,3,2,6
107,2,1,3,3
107,2,2,3,2
107,2,3,3,2
107,2,1,4,4
107,2,2,4,4
107,2,3,4,5
107,2,1,5,7
107,2,2,5,5
107,2,3,5,5
108,1,1,1,6
108,1,2,1,6
108,1,3,1,2
108,1,1,2,3
108,1,2,2,8
108,1,3,2,6
108,2,1,3,2
108,2,2,3,3
108,2,3,3,1
108,2,1,4,4
108,2,2,4,5
108,2,3,4,4
108,2,1,5,5
108,2,2,5,7
108,2,3,5,5
109,1,1,1,5
109,1,2,1,6
109,1,3,1,3
109,1,1,2,4
109,1,2,2,9
109,1,3,2,5
109,2,1,3,4
109,2,2,3,4
109,2,3,3,3
109,2,1,4,5
109,2,2,4,5
109,2,3,4,5
109,2,1,5,6
109,2,2,5,6
109,2,3,5,3
110,1,1,1,6
110,1,2,1,7
110,1,3,1,5
110,1,1,2,4
110,1,2,2,7
110,1,3,2,7
110,2,1,3,3
110,2,2,3,1
110,2,3,3,2
110,2,1,4,4
110,2,2,4,3
110,2,3,4,4
110,2,1,5,6
110,2,2,5,4
110,2,3,5,4
111,1,1,1,6
111,1,2,1,6
111,1,3,1,3
111,1,1,2,5
111,1,2,2,8
111,1,3,2,NA
111,2,1,3,3
111,2,2,3,1
111,2,3,3,1
111,2,1,4,4
111,2,2,4,4
111,2,3,4,3
111,2,1,5,5
111,2,2,5,4
111,2,3,5,4
112,1,1,1,5
112,1,2,1,2
112,1,3,1,4
112,1,1,2,7
112,1,2,2,4
112,1,3,2,3
112,2,1,3,3
112,2,2,3,1
112,2,3,3,2
112,2,1,4,4
112,2,2,4,3
112,2,3,4,3
112,2,1,5,6
112,2,2,5,4
112,2,3,5,2
113,1,1,1,6
113,1,2,1,6
113,1,3,1,6
113,1,1,2,5
113,1,2,2,7
113,1,3,2,8
113,2,1,3,2
113,2,2,3,2
113,2,3,3,4
113,2,1,4,4
113,2,2,4,5
113,2,3,4,5
113,2,1,5,4
113,2,2,5,6
113,2,3,5,5
114,1,1,1,7
114,1,2,1,6
114,1,3,1,4
114,1,1,2,7
114,1,2,2,8
114,1,3,2,2
114,2,1,3,3
114,2,2,3,1
114,2,3,3,2
114,2,1,4,4
114,2,2,4,4
114,2,3,4,5
114,2,1,5,4
114,2,2,5,4
114,2,3,5,5
115,1,1,1,5
115,1,2,1,1
115,1,3,1,4
115,1,1,2,5
115,1,2,2,8
115,1,3,2,4
115,2,1,3,2
115,2,2,3,1
115,2,3,3,1
115,2,1,4,4
115,2,2,4,4
115,2,3,4,4
115,2,1,5,5
115,2,2,5,4
115,2,3,5,5
116,1,1,1,5
116,1,2,1,6
116,1,3,1,5
116,1,1,2,6
116,1,2,2,4
116,1,3,2,5
116,2,1,3,2
116,2,2,3,2
116,2,3,3,3
116,2,1,4,4
116,2,2,4,5
116,2,3,4,5
116,2,1,5,6
116,2,2,5,4
116,2,3,5,6
117,1,1,1,6
117,1,2,1,5
117,1,3,1,3
117,1,1,2,7
117,1,2,2,7
117,1,3,2,4
117,2,1,3,4
117,2,2,3,2
117,2,3,3,2
117,2,1,4,5
117,2,2,4,4
117,2,3,4,3
117,2,1,5,5
117,2,2,5,6
117,2,3,5,3
118,1,1,1,6
118,1,2,1,2
118,1,3,1,8
118,1,1,2,7
118,1,2,2,9
118,1,3,2,10
118,2,1,3,1
118,2,2,3,1
118,2,3,3,2
118,2,1,4,4
118,2,2,4,4
118,2,3,4,4
118,2,1,5,6
118,2,2,5,7
118,2,3,5,6
119,1,1,1,6
119,1,2,1,4
119,1,3,1,6
119,1,1,2,7
119,1,2,2,4
119,1,3,2,8
119,2,1,3,2
119,2,2,3,NA
119,2,3,3,NA
119,2,1,4,4
119,2,2,4,NA
119,2,3,4,NA
119,2,1,5,4
119,2,2,5,NA
119,2,3,5,NA
120,1,1,1,6
120,1,2,1,7
120,1,3,1,6
120,1,1,2,4
120,1,2,2,8
120,1,3,2,6
120,2,1,3,2
120,2,2,3,2
120,2,3,3,2
120,2,1,4,4
120,2,2,4,4
120,2,3,4,4
120,2,1,5,6
120,2,2,5,4
120,2,3,5,4
121,1,1,1,5
121,1,2,1,5
121,1,3,1,3
121,1,1,2,5
121,1,2,2,5
121,1,3,2,5
121,2,1,3,2
121,2,2,3,2
121,2,3,3,1
121,2,1,4,4
121,2,2,4,4
121,2,3,4,3
121,2,1,5,7
121,2,2,5,5
121,2,3,5,4
122,1,1,1,6
122,1,2,1,7
122,1,3,1,5
122,1,1,2,4
122,1,2,2,7
122,1,3,2,7
122,2,1,3,2
122,2,2,3,2
122,2,3,3,2
122,2,1,4,4
122,2,2,4,3
122,2,3,4,4
122,2,1,5,5
122,2,2,5,2
122,2,3,5,4
123,1,1,1,4
123,1,2,1,7
123,1,3,1,5
123,1,1,2,1
123,1,2,2,8
123,1,3,2,4
123,2,1,3,NA
123,2,2,3,3
123,2,3,3,1
123,2,1,4,NA
123,2,2,4,3
123,2,3,4,4
123,2,1,5,6
123,2,2,5,3
123,2,3,5,4
124,1,1,1,6
124,1,2,1,2
124,1,3,1,4
124,1,1,2,6
124,1,2,2,3
124,1,3,2,5
124,2,1,3,2
124,2,2,3,2
124,2,3,3,3
124,2,1,4,5
124,2,2,4,4
124,2,3,4,3
124,2,1,5,5
124,2,2,5,5
124,2,3,5,3
125,1,1,1,NA
125,1,2,1,NA
125,1,3,1,NA
125,1,1,2,NA
125,1,2,2,NA
125,1,3,2,NA
125,2,1,3,1
125,2,2,3,NA
125,2,3,3,10
125,2,1,4,NA
125,2,2,4,NA
125,2,3,4,NA
125,2,1,5,NA
125,2,2,5,NA
125,2,3,5,NA
126,1,1,1,7
126,1,2,1,7
126,1,3,1,3
126,1,1,2,6
126,1,2,2,6
126,1,3,2,5
126,2,1,3,NA
126,2,2,3,NA
126,2,3,3,NA
126,2,1,4,NA
126,2,2,4,NA
126,2,3,4,NA
126,2,1,5,NA
126,2,2,5,NA
126,2,3,5,NA
127,1,1,1,2
127,1,2,1,3
127,1,3,1,4
127,1,1,2,2
127,1,2,2,2
127,1,3,2,2
127,2,1,3,2
127,2,2,3,1
127,2,3,3,3
127,2,1,4,4
127,2,2,4,4
127,2,3,4,4
127,2,1,5,6
127,2,2,5,3
127,2,3,5,5
128,1,1,1,5
128,1,2,1,6
128,1,3,1,3
128,1,1,2,7
128,1,2,2,5
128,1,3,2,6
128,2,1,3,2
128,2,2,3,3
128,2,3,3,1
128,2,1,4,4
128,2,2,4,4
128,2,3,4,3
128,2,1,5,6
128,2,2,5,6
128,2,3,5,4
129,1,1,1,4
129,1,2,1,4
129,1,3,1,4
129,1,1,2,7
129,1,2,2,3
129,1,3,2,3
129,2,1,3,2
129,2,2,3,1
129,2,3,3,2
129,2,1,4,4
129,2,2,4,4
129,2,3,4,3
129,2,1,5,5
129,2,2,5,5
129,2,3,5,2
130,1,1,1,5
130,1,2,1,7
130,1,3,1,1
130,1,1,2,4
130,1,2,2,8
130,1,3,2,4
130,2,1,3,3
130,2,2,3,3
130,2,3,3,2
130,2,1,4,5
130,2,2,4,5
130,2,3,4,4
130,2,1,5,8
130,2,2,5,6
130,2,3,5,5
131,1,1,1,3
131,1,2,1,6
131,1,3,1,5
131,1,1,2,6
131,1,2,2,5
131,1,3,2,6
131,2,1,3,2
131,2,2,3,2
131,2,3,3,2
131,2,1,4,4
131,2,2,4,4
131,2,3,4,4
131,2,1,5,5
131,2,2,5,6
131,2,3,5,6
132,1,1,1,4
132,1,2,1,5
132,1,3,1,4
132,1,1,2,2
132,1,2,2,4
132,1,3,2,7
132,2,1,3,3
132,2,2,3,1
132,2,3,3,1
132,2,1,4,5
132,2,2,4,3
132,2,3,4,3
132,2,1,5,6
132,2,2,5,4
132,2,3,5,4
133,1,1,1,7
133,1,2,1,6
133,1,3,1,3
133,1,1,2,5
133,1,2,2,4
133,1,3,2,3
133,2,1,3,2
133,2,2,3,2
133,2,3,3,1
133,2,1,4,4
133,2,2,4,3
133,2,3,4,3
133,2,1,5,5
133,2,2,5,5
133,2,3,5,5
134,1,1,1,2
134,1,2,1,5
134,1,3,1,4
134,1,1,2,3
134,1,2,2,4
134,1,3,2,5
134,2,1,3,4
134,2,2,3,2
134,2,3,3,3
134,2,1,4,5
134,2,2,4,5
134,2,3,4,5
134,2,1,5,6
134,2,2,5,5
134,2,3,5,6
135,1,1,1,6
135,1,2,1,5
135,1,3,1,6
135,1,1,2,7
135,1,2,2,4
135,1,3,2,7
135,2,1,3,2
135,2,2,3,2
135,2,3,3,2
135,2,1,4,5
135,2,2,4,4
135,2,3,4,4
135,2,1,5,7
135,2,2,5,5
135,2,3,5,5
136,1,1,1,4
136,1,2,1,6
136,1,3,1,3
136,1,1,2,6
136,1,2,2,7
136,1,3,2,7
136,2,1,3,3
136,2,2,3,3
136,2,3,3,2
136,2,1,4,4
136,2,2,4,5
136,2,3,4,5
136,2,1,5,6
136,2,2,5,5
136,2,3,5,6
137,1,1,1,5
137,1,2,1,3
137,1,3,1,3
137,1,1,2,5
137,1,2,2,6
137,1,3,2,5
137,2,1,3,1
137,2,2,3,2
137,2,3,3,1
137,2,1,4,3
137,2,2,4,5
137,2,3,4,3
137,2,1,5,4
137,2,2,5,6
137,2,3,5,4
138,1,1,1,6
138,1,2,1,5
138,1,3,1,5
138,1,1,2,7
138,1,2,2,7
138,1,3,2,5
138,2,1,3,3
138,2,2,3,3
138,2,3,3,3
138,2,1,4,5
138,2,2,4,4
138,2,3,4,4
138,2,1,5,5
138,2,2,5,4
138,2,3,5,5
139,1,1,1,4
139,1,2,1,6
139,1,3,1,4
139,1,1,2,4
139,1,2,2,3
139,1,3,2,4
139,2,1,3,4
139,2,2,3,2
139,2,3,3,2
139,2,1,4,5
139,2,2,4,4
139,2,3,4,4
139,2,1,5,6
139,2,2,5,5
139,2,3,5,4
140,1,1,1,7
140,1,2,1,7
140,1,3,1,6
140,1,1,2,8
140,1,2,2,8
140,1,3,2,7
140,2,1,3,2
140,2,2,3,2
140,2,3,3,2
140,2,1,4,6
140,2,2,4,5
140,2,3,4,4
140,2,1,5,8
140,2,2,5,7
140,2,3,5,5
141,1,1,1,7
141,1,2,1,6
141,1,3,1,2
141,1,1,2,8
141,1,2,2,8
141,1,3,2,3
141,2,1,3,2
141,2,2,3,3
141,2,3,3,3
141,2,1,4,3
141,2,2,4,4
141,2,3,4,4
141,2,1,5,4
141,2,2,5,5
141,2,3,5,4
142,1,1,1,6
142,1,2,1,8
142,1,3,1,5
142,1,1,2,7
142,1,2,2,8
142,1,3,2,6
142,2,1,3,9
142,2,2,3,2
142,2,3,3,2
142,2,1,4,9
142,2,2,4,4
142,2,3,4,3
142,2,1,5,10
142,2,2,5,6
142,2,3,5,4
143,1,1,1,7
143,1,2,1,4
143,1,3,1,3
143,1,1,2,7
143,1,2,2,6
143,1,3,2,5
143,2,1,3,2
143,2,2,3,1
143,2,3,3,1
143,2,1,4,4
143,2,2,4,2
143,2,3,4,3
143,2,1,5,4
143,2,2,5,3
143,2,3,5,4
144,1,1,1,7
144,1,2,1,6
144,1,3,1,3
144,1,1,2,8
144,1,2,2,5
144,1,3,2,6
144,2,1,3,3
144,2,2,3,2
144,2,3,3,2
144,2,1,4,5
144,2,2,4,4
144,2,3,4,3
144,2,1,5,5
144,2,2,5,3
144,2,3,5,5
145,1,1,1,7
145,1,2,1,4
145,1,3,1,6
145,1,1,2,8
145,1,2,2,7
145,1,3,2,10
145,2,1,3,2
145,2,2,3,3
145,2,3,3,3
145,2,1,4,5
145,2,2,4,6
145,2,3,4,4
145,2,1,5,6
145,2,2,5,7
145,2,3,5,5
146,1,1,1,7
146,1,2,1,6
146,1,3,1,4
146,1,1,2,7
146,1,2,2,3
146,1,3,2,4
146,2,1,3,1
146,2,2,3,2
146,2,3,3,1
146,2,1,4,4
146,2,2,4,5
146,2,3,4,2
146,2,1,5,5
146,2,2,5,7
146,2,3,5,1
147,1,1,1,6
147,1,2,1,NA
147,1,3,1,6
147,1,1,2,8
147,1,2,2,NA
147,1,3,2,8
147,2,1,3,1
147,2,2,3,1
147,2,3,3,2
147,2,1,4,4
147,2,2,4,4
147,2,3,4,4
147,2,1,5,6
147,2,2,5,4
147,2,3,5,4
148,1,1,1,6
148,1,2,1,1
148,1,3,1,4
148,1,1,2,8
148,1,2,2,3
148,1,3,2,5
148,2,1,3,1
148,2,2,3,NA
148,2,3,3,NA
148,2,1,4,4
148,2,2,4,NA
148,2,3,4,NA
148,2,1,5,5
148,2,2,5,NA
148,2,3,5,NA
149,1,1,1,5
149,1,2,1,6
149,1,3,1,5
149,1,1,2,5
149,1,2,2,7
149,1,3,2,5
149,2,1,3,3
149,2,2,3,2
149,2,3,3,3
149,2,1,4,4
149,2,2,4,4
149,2,3,4,4
149,2,1,5,5
149,2,2,5,4
149,2,3,5,3
150,1,1,1,5
150,1,2,1,5
150,1,3,1,5
150,1,1,2,6
150,1,2,2,7
150,1,3,2,5
150,2,1,3,1
150,2,2,3,2
150,2,3,3,1
150,2,1,4,3
150,2,2,4,3
150,2,3,4,1
150,2,1,5,4
150,2,2,5,4
150,2,3,5,4
151,1,1,1,5
151,1,2,1,3
151,1,3,1,4
151,1,1,2,5
151,1,2,2,2
151,1,3,2,4
151,2,1,3,1
151,2,2,3,2
151,2,3,3,1
151,2,1,4,4
151,2,2,4,3
151,2,3,4,4
151,2,1,5,5
151,2,2,5,6
151,2,3,5,4
152,1,1,1,6
152,1,2,1,2
152,1,3,1,3
152,1,1,2,7
152,1,2,2,5
152,1,3,2,4
152,2,1,3,2
152,2,2,3,1
152,2,3,3,2
152,2,1,4,5
152,2,2,4,3
152,2,3,4,4
152,2,1,5,7
152,2,2,5,4
152,2,3,5,4
153,1,1,1,7
153,1,2,1,5
153,1,3,1,3
153,1,1,2,7
153,1,2,2,5
153,1,3,2,3
153,2,1,3,2
153,2,2,3,1
153,2,3,3,2
153,2,1,4,4
153,2,2,4,3
153,2,3,4,4
153,2,1,5,6
153,2,2,5,5
153,2,3,5,3
154,1,1,1,7
154,1,2,1,5
154,1,3,1,6
154,1,1,2,8
154,1,2,2,6
154,1,3,2,7
154,2,1,3,1
154,2,2,3,2
154,2,3,3,3
154,2,1,4,4
154,2,2,4,3
154,2,3,4,5
154,2,1,5,5
154,2,2,5,2
154,2,3,5,5
155,1,1,1,7
155,1,2,1,7
155,1,3,1,4
155,1,1,2,8
155,1,2,2,7
155,1,3,2,4
155,2,1,3,2
155,2,2,3,3
155,2,3,3,2
155,2,1,4,4
155,2,2,4,4
155,2,3,4,2
155,2,1,5,5
155,2,2,5,5
155,2,3,5,2
156,1,1,1,8
156,1,2,1,8
156,1,3,1,8
156,1,1,2,10
156,1,2,2,10
156,1,3,2,10
156,2,1,3,2
156,2,2,3,3
156,2,3,3,2
156,2,1,4,5
156,2,2,4,7
156,2,3,4,4
156,2,1,5,8
156,2,2,5,9
156,2,3,5,6
157,1,1,1,9
157,1,2,1,6
157,1,3,1,6
157,1,1,2,10
157,1,2,2,9
157,1,3,2,9
157,2,1,3,4
157,2,2,3,3
157,2,3,3,2
157,2,1,4,5
157,2,2,4,5
157,2,3,4,4
157,2,1,5,9
157,2,2,5,8
157,2,3,5,6
158,1,1,1,9
158,1,2,1,10
158,1,3,1,10
158,1,1,2,10
158,1,2,2,10
158,1,3,2,10
158,2,1,3,1
158,2,2,3,2
158,2,3,3,2
158,2,1,4,5
158,2,2,4,6
158,2,3,4,5
158,2,1,5,8
158,2,2,5,8
158,2,3,5,8
159,1,1,1,9
159,1,2,1,NA
159,1,3,1,NA
159,1,1,2,10
159,1,2,2,NA
159,1,3,2,NA
159,2,1,3,NA
159,2,2,3,NA
159,2,3,3,NA
159,2,1,4,NA
159,2,2,4,NA
159,2,3,4,NA
159,2,1,5,NA
159,2,2,5,NA
159,2,3,5,NA
160,1,1,1,8
160,1,2,1,9
160,1,3,1,6
160,1,1,2,10
160,1,2,2,10
160,1,3,2,10
160,2,1,3,2
160,2,2,3,3
160,2,3,3,4
160,2,1,4,4
160,2,2,4,6
160,2,3,4,6
160,2,1,5,6
160,2,2,5,9
160,2,3,5,10
161,1,1,1,5
161,1,2,1,9
161,1,3,1,6
161,1,1,2,10
161,1,2,2,10
161,1,3,2,10
161,2,1,3,2
161,2,2,3,3
161,2,3,3,2
161,2,1,4,7
161,2,2,4,5
161,2,3,4,6
161,2,1,5,8
161,2,2,5,8
161,2,3,5,9
162,1,1,1,10
162,1,2,1,7
162,1,3,1,6
162,1,1,2,10
162,1,2,2,10
162,1,3,2,10
162,2,1,3,3
162,2,2,3,2
162,2,3,3,3
162,2,1,4,5
162,2,2,4,3
162,2,3,4,4
162,2,1,5,7
162,2,2,5,5
162,2,3,5,8
163,1,1,1,5
163,1,2,1,8
163,1,3,1,9
163,1,1,2,10
163,1,2,2,10
163,1,3,2,10
163,2,1,3,2
163,2,2,3,2
163,2,3,3,2
163,2,1,4,7
163,2,2,4,5
163,2,3,4,5
163,2,1,5,8
163,2,2,5,NA
163,2,3,5,8
164,1,1,1,8
164,1,2,1,9
164,1,3,1,8
164,1,1,2,10
164,1,2,2,10
164,1,3,2,10
164,2,1,3,3
164,2,2,3,2
164,2,3,3,3
164,2,1,4,8
164,2,2,4,5
164,2,3,4,5
164,2,1,5,9
164,2,2,5,7
164,2,3,5,8
165,1,1,1,8
165,1,2,1,10
165,1,3,1,8
165,1,1,2,10
165,1,2,2,10
165,1,3,2,10
165,2,1,3,4
165,2,2,3,3
165,2,3,3,5
165,2,1,4,8
165,2,2,4,4
165,2,3,4,7
165,2,1,5,10
165,2,2,5,7
165,2,3,5,9
166,1,1,1,10
166,1,2,1,7
166,1,3,1,5
166,1,1,2,10
166,1,2,2,10
166,1,3,2,10
166,2,1,3,2
166,2,2,3,2
166,2,3,3,3
166,2,1,4,4
166,2,2,4,4
166,2,3,4,4
166,2,1,5,9
166,2,2,5,7
166,2,3,5,6
167,1,1,1,7
167,1,2,1,6
167,1,3,1,8
167,1,1,2,10
167,1,2,2,8
167,1,3,2,10
167,2,1,3,3
167,2,2,3,4
167,2,3,3,3
167,2,1,4,5
167,2,2,4,4
167,2,3,4,4
167,2,1,5,6
167,2,2,5,7
167,2,3,5,7
168,1,1,1,7
168,1,2,1,8
168,1,3,1,6
168,1,1,2,10
168,1,2,2,10
168,1,3,2,NA
168,2,1,3,3
168,2,2,3,3
168,2,3,3,4
168,2,1,4,5
168,2,2,4,5
168,2,3,4,6
168,2,1,5,10
168,2,2,5,8
168,2,3,5,9
169,1,1,1,8
169,1,2,1,7
169,1,3,1,3
169,1,1,2,10
169,1,2,2,10
169,1,3,2,10
169,2,1,3,2
169,2,2,3,3
169,2,3,3,2
169,2,1,4,5
169,2,2,4,10
169,2,3,4,4
169,2,1,5,5
169,2,2,5,9
169,2,3,5,8
170,1,1,1,7
170,1,2,1,6
170,1,3,1,9
170,1,1,2,10
170,1,2,2,9
170,1,3,2,10
170,2,1,3,1
170,2,2,3,1
170,2,3,3,1
170,2,1,4,5
170,2,2,4,4
170,2,3,4,4
170,2,1,5,8
170,2,2,5,7
170,2,3,5,5
171,1,1,1,9
171,1,2,1,6
171,1,3,1,10
171,1,1,2,10
171,1,2,2,10
171,1,3,2,10
171,2,1,3,4
171,2,2,3,3
171,2,3,3,1
171,2,1,4,8
171,2,2,4,7
171,2,3,4,4
171,2,1,5,10
171,2,2,5,9
171,2,3,5,7
172,1,1,1,9
172,1,2,1,8
172,1,3,1,8
172,1,1,2,10
172,1,2,2,9
172,1,3,2,10
172,2,1,3,3
172,2,2,3,3
172,2,3,3,2
172,2,1,4,4
172,2,2,4,5
172,2,3,4,6
172,2,1,5,7
172,2,2,5,8
172,2,3,5,7
173,1,1,1,5
173,1,2,1,9
173,1,3,1,8
173,1,1,2,10
173,1,2,2,10
173,1,3,2,10
173,2,1,3,3
173,2,2,3,3
173,2,3,3,2
173,2,1,4,7
173,2,2,4,5
173,2,3,4,4
173,2,1,5,9
173,2,2,5,7
173,2,3,5,7
174,1,1,1,6
174,1,2,1,9
174,1,3,1,8
174,1,1,2,10
174,1,2,2,10
174,1,3,2,10
174,2,1,3,2
174,2,2,3,3
174,2,3,3,3
174,2,1,4,6
174,2,2,4,6
174,2,3,4,6
174,2,1,5,7
174,2,2,5,9
174,2,3,5,8
175,1,1,1,7
175,1,2,1,7
175,1,3,1,6
175,1,1,2,10
175,1,2,2,10
175,1,3,2,10
175,2,1,3,3
175,2,2,3,2
175,2,3,3,4
175,2,1,4,6
175,2,2,4,5
175,2,3,4,7
175,2,1,5,9
175,2,2,5,8
175,2,3,5,10
176,1,1,1,10
176,1,2,1,7
176,1,3,1,8
176,1,1,2,10
176,1,2,2,10
176,1,3,2,10
176,2,1,3,3
176,2,2,3,3
176,2,3,3,2
176,2,1,4,5
176,2,2,4,6
176,2,3,4,5
176,2,1,5,7
176,2,2,5,8
176,2,3,5,9
177,1,1,1,9
177,1,2,1,10
177,1,3,1,4
177,1,1,2,10
177,1,2,2,10
177,1,3,2,9
177,2,1,3,3
177,2,2,3,3
177,2,3,3,2
177,2,1,4,5
177,2,2,4,5
177,2,3,4,5
177,2,1,5,8
177,2,2,5,9
177,2,3,5,6
178,1,1,1,6
178,1,2,1,8
178,1,3,1,8
178,1,1,2,10
178,1,2,2,9
178,1,3,2,10
178,2,1,3,3
178,2,2,3,3
178,2,3,3,3
178,2,1,4,6
178,2,2,4,7
178,2,3,4,5
178,2,1,5,7
178,2,2,5,8
178,2,3,5,7
179,1,1,1,8
179,1,2,1,7
179,1,3,1,8
179,1,1,2,9
179,1,2,2,8
179,1,3,2,9
179,2,1,3,3
179,2,2,3,5
179,2,3,3,2
179,2,1,4,5
179,2,2,4,5
179,2,3,4,5
179,2,1,5,7
179,2,2,5,6
179,2,3,5,7
180,1,1,1,9
180,1,2,1,6
180,1,3,1,7
180,1,1,2,10
180,1,2,2,8
180,1,3,2,8
180,2,1,3,3
180,2,2,3,4
180,2,3,3,4
180,2,1,4,5
180,2,2,4,5
180,2,3,4,6
180,2,1,5,7
180,2,2,5,9
180,2,3,5,7
181,1,1,1,8
181,1,2,1,7
181,1,3,1,7
181,1,1,2,9
181,1,2,2,9
181,1,3,2,9
181,2,1,3,NA
181,2,2,3,2
181,2,3,3,3
181,2,1,4,7
181,2,2,4,5
181,2,3,4,5
181,2,1,5,8
181,2,2,5,7
181,2,3,5,6
182,1,1,1,6
182,1,2,1,7
182,1,3,1,6
182,1,1,2,10
182,1,2,2,9
182,1,3,2,10
182,2,1,3,2
182,2,2,3,4
182,2,3,3,4
182,2,1,4,4
182,2,2,4,6
182,2,3,4,4
182,2,1,5,7
182,2,2,5,10
182,2,3,5,7
183,1,1,1,6
183,1,2,1,9
183,1,3,1,7
183,1,1,2,10
183,1,2,2,10
183,1,3,2,8
183,2,1,3,4
183,2,2,3,2
183,2,3,3,3
183,2,1,4,5
183,2,2,4,4
183,2,3,4,6
183,2,1,5,7
183,2,2,5,5
183,2,3,5,7
184,1,1,1,7
184,1,2,1,NA
184,1,3,1,8
184,1,1,2,9
184,1,2,2,NA
184,1,3,2,10
184,2,1,3,4
184,2,2,3,4
184,2,3,3,2
184,2,1,4,6
184,2,2,4,4
184,2,3,4,5
184,2,1,5,9
184,2,2,5,7
184,2,3,5,10
185,1,1,1,8
185,1,2,1,7
185,1,3,1,6
185,1,1,2,10
185,1,2,2,10
185,1,3,2,8
185,2,1,3,3
185,2,2,3,3
185,2,3,3,2
185,2,1,4,7
185,2,2,4,5
185,2,3,4,5
185,2,1,5,9
185,2,2,5,6
185,2,3,5,7
186,1,1,1,10
186,1,2,1,10
186,1,3,1,5
186,1,1,2,10
186,1,2,2,10
186,1,3,2,10
186,2,1,3,2
186,2,2,3,4
186,2,3,3,1
186,2,1,4,4
186,2,2,4,6
186,2,3,4,3
186,2,1,5,9
186,2,2,5,7
186,2,3,5,8
187,1,1,1,7
187,1,2,1,8
187,1,3,1,NA
187,1,1,2,8
187,1,2,2,8
187,1,3,2,NA
187,2,1,3,3
187,2,2,3,3
187,2,3,3,2
187,2,1,4,6
187,2,2,4,5
187,2,3,4,4
187,2,1,5,8
187,2,2,5,7
187,2,3,5,5
188,1,1,1,8
188,1,2,1,8
188,1,3,1,7
188,1,1,2,10
188,1,2,2,10
188,1,3,2,10
188,2,1,3,3
188,2,2,3,NA
188,2,3,3,NA
188,2,1,4,NA
188,2,2,4,NA
188,2,3,4,NA
188,2,1,5,8
188,2,2,5,NA
188,2,3,5,NA
189,1,1,1,7
189,1,2,1,8
189,1,3,1,10
189,1,1,2,10
189,1,2,2,9
189,1,3,2,10
189,2,1,3,3
189,2,2,3,4
189,2,3,3,NA
189,2,1,4,6
189,2,2,4,5
189,2,3,4,NA
189,2,1,5,8
189,2,2,5,8
189,2,3,5,NA
190,1,1,1,8
190,1,2,1,6
190,1,3,1,5
190,1,1,2,9
190,1,2,2,9
190,1,3,2,7
190,2,1,3,3
190,2,2,3,2
190,2,3,3,3
190,2,1,4,5
190,2,2,4,6
190,2,3,4,5
190,2,1,5,8
190,2,2,5,7
190,2,3,5,7
191,1,1,1,8
191,1,2,1,7
191,1,3,1,7
191,1,1,2,9
191,1,2,2,8
191,1,3,2,8
191,2,1,3,2
191,2,2,3,2
191,2,3,3,2
191,2,1,4,4
191,2,2,4,4
191,2,3,4,4
191,2,1,5,6
191,2,2,5,6
191,2,3,5,5
192,1,1,1,7
192,1,2,1,7
192,1,3,1,7
192,1,1,2,8
192,1,2,2,9
192,1,3,2,10
192,2,1,3,3
192,2,2,3,3
192,2,3,3,2
192,2,1,4,6
192,2,2,4,6
192,2,3,4,6
192,2,1,5,8
192,2,2,5,7
192,2,3,5,6
193,1,1,1,5
193,1,2,1,8
193,1,3,1,8
193,1,1,2,7
193,1,2,2,8
193,1,3,2,9
193,2,1,3,3
193,2,2,3,1
193,2,3,3,3
193,2,1,4,6
193,2,2,4,5
193,2,3,4,6
193,2,1,5,7
193,2,2,5,6
193,2,3,5,7
194,1,1,1,9
194,1,2,1,7
194,1,3,1,7
194,1,1,2,8
194,1,2,2,8
194,1,3,2,8
194,2,1,3,NA
194,2,2,3,NA
194,2,3,3,NA
194,2,1,4,NA
194,2,2,4,NA
194,2,3,4,NA
194,2,1,5,NA
194,2,2,5,NA
194,2,3,5,NA
195,1,1,1,8
195,1,2,1,8
195,1,3,1,6
195,1,1,2,8
195,1,2,2,9
195,1,3,2,8
195,2,1,3,4
195,2,2,3,4
195,2,3,3,3
195,2,1,4,5
195,2,2,4,5
195,2,3,4,4
195,2,1,5,7
195,2,2,5,7
195,2,3,5,5
196,1,1,1,8
196,1,2,1,10
196,1,3,1,8
196,1,1,2,10
196,1,2,2,10
196,1,3,2,10
196,2,1,3,3
196,2,2,3,3
196,2,3,3,10
196,2,1,4,5
196,2,2,4,5
196,2,3,4,NA
196,2,1,5,7
196,2,2,5,6
196,2,3,5,NA
197,1,1,1,8
197,1,2,1,8
197,1,3,1,8
197,1,1,2,10
197,1,2,2,9
197,1,3,2,8
197,2,1,3,3
197,2,2,3,NA
197,2,3,3,NA
197,2,1,4,7
197,2,2,4,NA
197,2,3,4,NA
197,2,1,5,10
197,2,2,5,NA
197,2,3,5,NA
SP,1,1,1,5
SP,1,2,1,5
SP,1,3,1,4
SP,1,1,2,6
SP,1,2,2,6
SP,1,3,2,4
SP,2,1,3,NA
SP,2,2,3,NA
SP,2,3,3,NA
SP,2,1,4,NA
SP,2,2,4,NA
SP,2,3,4,NA
SP,2,1,5,NA
SP,2,2,5,NA
SP,2,3,5,NA
Wal. 29,1,1,1,4
Wal. 29,1,2,1,2
Wal. 29,1,3,1,3
Wal. 29,1,1,2,6
Wal. 29,1,2,2,6
Wal. 29,1,3,2,6
Wal. 29,2,1,3,NA
Wal. 29,2,2,3,NA
Wal. 29,2,3,3,NA
Wal. 29,2,1,4,NA
Wal. 29,2,2,4,NA
Wal. 29,2,3,4,NA
Wal. 29,2,1,5,NA
Wal. 29,2,2,5,NA
Wal. 29,2,3,5,NA
CB,1,1,1,7
CB,1,2,1,4
CB,1,3,1,3
CB,1,1,2,8
CB,1,2,2,5
CB,1,3,2,8
CB,2,1,3,NA
CB,2,2,3,NA
CB,2,3,3,NA
CB,2,1,4,NA
CB,2,2,4,NA
CB,2,3,4,NA
CB,2,1,5,NA
CB,2,2,5,NA
CB,2,3,5,NA
